Codigo,Estacao,UF,jan1,jan2,jan3,fev1,fev2,fev3,mar1,mar2,mar3,abr1,abr2,abr3,mai1,mai2,mai3,jun1,jun2,jun3,jul1,jul2,jul3,ago1,ago2,ago3,set1,set2,set3,out1,out2,out3,nov1,nov2,nov3,dez1,dez2,dez3
82989,AGUA BRANCA,AL,8.3,17.0,23.2,NaN,NaN,NaN,21.3,28.7,34.4,27.7,24.6,27.7,41.4,51.3,38.8,54.4,57.6,47.5,50.3,62.6,55.4,38.0,32.4,24.8,21.0,21.9,7.9,8.1,17.9,9.4,10.1,5.1,13.0,5.5,17.8,16.5
83249,ALAGOINHAS,BA,13.0,25.3,17.5,21.0,22.4,16.7,16.5,19.2,29.2,34.2,39.0,48.2,49.6,51.3,56.5,49.9,53.6,40.8,37.0,36.9,36.4,31.7,33.7,26.2,26.1,21.8,18.5,16.3,19.0,16.0,19.0,17.5,23.7,21.8,20.8,10.6
82353,ALTAMIRA,PA,82.6,97.2,106.1,116.2,110.8,103.2,128.3,120.0,151.2,124.5,125.9,115.2,97.6,60.3,74.4,42.5,26.0,34.5,NaN,NaN,NaN,8.5,12.1,13.7,18.3,11.4,17.3,22.3,20.4,18.6,29.3,30.1,35.9,33.7,49.7,80.8
83007,ALTO DA BOA VISTA,RJ,86.3,66.8,75.6,64.7,76.7,36.4,86.9,84.5,80.7,87.1,55.8,58.2,58.7,67.4,54.7,57.5,43.0,51.0,56.4,62.1,61.3,47.8,44.4,58.3,61.9,65.5,92.1,72.6,46.4,75.7,76.6,100.8,61.6,76.4,84.3,76.1
82970,ALTO PARNAIBA,MA,63.0,79.3,88.7,69.7,76.4,49.6,71.1,86.8,83.7,56.8,43.3,28.2,21.5,11.2,8.0,2.1,0.2,0.0,0.0,0.4,0.0,0.0,0.6,1.5,3.1,1.8,9.2,20.7,18.0,36.2,45.5,50.5,65.9,51.7,61.3,68.5
83096,ARACAJU,SE,8.1,14.0,21.0,16.7,26.3,23.7,14.8,22.2,36.2,36.2,55.4,62.4,66.7,71.8,88.4,81.9,56.0,60.5,58.2,51.8,39.6,35.8,34.3,27.2,24.3,21.7,15.9,16.9,20.5,18.6,14.1,9.5,14.2,7.7,11.1,5.1
83442,ARACUAI,MG,30.7,44.0,35.1,35.1,22.2,22.0,36.6,29.5,27.8,15.1,10.5,2.3,4.5,9.2,3.1,2.0,0.9,0.6,1.1,2.0,0.8,1.1,0.7,2.9,2.0,1.3,8.0,8.8,10.8,33.3,48.8,53.6,46.9,59.8,53.0,40.3
83368,ARAGARCAS,GO,101.4,87.5,109.8,77.5,69.4,66.3,65.8,69.4,72.3,37.3,36.8,14.3,3.9,9.9,9.0,4.9,4.3,1.5,1.1,0.4,3.9,0.3,3.2,3.2,5.8,8.7,17.6,27.1,31.7,59.2,63.2,63.5,66.0,79.2,85.0,85.1
82659,ARAGUAINA,TO,76.8,76.7,105.6,94.1,101.8,76.8,77.2,108.9,107.4,75.7,73.0,62.5,43.8,26.0,24.8,17.2,2.0,2.5,4.1,2.6,1.7,0.4,2.9,7.8,7.7,14.1,29.9,35.3,31.0,54.0,62.8,77.1,66.1,64.1,69.1,78.5
83579,ARAXA,MG,103.0,85.2,105.7,102.2,69.7,55.3,79.4,66.6,60.7,38.0,26.9,15.8,14.5,13.4,20.6,10.9,3.0,3.2,0.5,2.3,4.3,3.2,3.5,5.1,14.9,17.7,28.0,39.2,33.8,45.0,59.1,65.1,86.1,91.1,92.6,95.7
82890,ARCOVERDE,PE,NaN,NaN,NaN,19.6,25.3,18.0,27.0,32.1,47.6,21.3,19.2,23.6,39.6,23.5,25.7,25.7,35.1,22.6,23.3,25.4,28.9,22.5,19.2,12.1,9.4,7.5,2.7,5.5,6.5,4.5,5.3,3.6,6.3,6.3,9.9,9.9
82696,AREIA,PB,19.7,25.8,35.9,30.6,45.1,26.8,35.9,44.7,61.6,37.1,64.3,50.6,61.0,46.7,59.1,59.4,72.0,65.2,NaN,NaN,NaN,47.9,39.2,36.8,25.8,26.0,7.5,7.8,12.7,7.1,7.9,10.4,5.7,8.2,12.1,22.5
83384,ARINOS,MG,65.6,60.8,56.7,59.5,49.6,31.8,66.6,61.6,50.5,31.3,21.3,12.6,6.4,5.8,3.7,1.5,0.7,0.7,0.0,0.1,0.1,0.0,1.2,3.7,2.4,1.1,8.2,17.7,16.0,33.4,65.5,51.7,83.4,85.4,80.3,68.9
83049,AVELAR (P.DO ALFERES),RJ,72.7,75.0,65.8,52.3,47.6,35.2,42.9,47.3,42.9,27.3,15.0,13.9,9.0,18.1,13.5,11.0,3.8,7.0,2.7,8.2,3.2,6.3,3.8,5.8,17.1,13.7,22.4,31.3,17.9,37.2,43.1,67.1,63.2,58.9,73.2,83.2
82460,BACABAL,MA,68.0,93.0,92.3,94.6,116.1,90.6,107.7,114.6,145.4,127.4,114.7,102.8,98.6,52.7,41.0,18.6,16.6,15.8,10.2,4.6,4.1,4.6,4.7,2.3,3.2,1.7,5.0,7.5,10.7,8.9,19.0,21.8,27.8,19.5,37.7,67.1
83980,BAGE,RS,50.9,44.4,42.0,47.2,44.0,37.9,41.9,30.7,41.3,40.8,67.4,65.0,41.9,41.6,46.9,43.9,44.8,36.0,37.5,43.8,46.7,33.3,32.9,45.1,42.7,52.1,37.8,59.0,65.5,48.1,41.9,45.2,29.8,37.6,36.1,48.6
82768,BALSAS,MA,69.7,76.8,80.3,62.6,79.0,40.0,54.6,65.7,65.8,44.5,44.6,29.7,22.1,15.5,12.4,3.1,0.8,0.8,1.0,0.6,0.0,0.0,0.1,1.3,4.0,2.1,11.6,19.2,24.2,40.6,43.8,45.1,62.9,46.1,58.1,67.2
83582,BAMBUI,MG,111.4,78.6,110.0,65.0,52.5,51.8,67.5,56.1,42.2,40.7,20.1,12.7,13.6,14.0,20.3,10.8,3.7,3.3,0.4,2.9,5.1,2.2,4.1,5.4,17.0,17.8,26.8,42.5,32.0,44.7,56.5,64.1,66.8,76.9,107.6,95.4
83689,BARBACENA,MG,103.8,86.9,88.3,58.0,50.9,43.6,56.8,64.9,59.8,31.2,19.9,13.7,11.9,15.7,11.5,9.7,4.3,4.4,1.9,4.9,3.7,4.2,6.6,5.8,18.8,16.6,27.7,35.9,31.7,55.4,64.0,68.4,83.2,72.6,95.9,99.5
82784,BARBALHA,CE,43.9,59.9,77.1,67.5,73.8,56.1,47.3,88.8,115.5,60.2,52.4,38.4,35.5,12.3,22.1,5.2,5.6,7.4,3.3,5.5,4.5,1.7,0.2,0.4,1.2,1.9,1.1,3.1,10.4,6.7,7.9,9.3,19.1,21.6,25.0,29.7
82113,BARCELOS,AM,48.1,52.2,64.3,63.0,60.0,70.0,80.4,71.3,106.3,95.1,123.2,110.3,112.8,94.5,104.5,95.6,79.5,67.9,61.9,68.9,55.3,45.4,39.7,41.6,34.3,25.9,41.1,25.2,38.7,31.4,51.6,46.0,36.6,39.2,58.3,62.6
83179,BARRA,BA,34.3,37.1,41.2,36.6,30.9,29.6,NaN,NaN,NaN,32.9,21.2,13.1,7.5,2.8,3.6,1.4,0.0,0.0,0.0,0.1,0.0,0.0,0.2,0.1,2.3,0.0,4.3,2.2,9.0,18.8,21.7,31.9,41.3,38.7,40.3,28.0
82571,BARRA DO CORDA,MA,44.5,59.4,69.0,62.8,80.5,50.5,69.6,78.0,80.6,65.9,49.1,38.1,28.6,23.9,22.3,6.0,4.8,3.4,2.2,3.7,2.6,2.8,1.0,3.3,4.0,1.4,7.6,6.7,9.8,16.8,27.6,20.4,30.7,23.4,34.9,55.7
83236,BARREIRAS,BA,49.8,57.5,64.8,56.3,46.8,32.0,45.2,52.2,54.9,22.0,28.9,20.2,6.1,6.0,6.2,2.4,0.2,0.2,0.0,0.0,0.5,0.1,0.2,0.3,3.7,1.3,5.1,10.4,18.7,28.2,48.0,48.1,72.9,52.6,71.1,63.3
82191,BELEM,PA,102.0,142.3,149.4,154.3,154.3,129.1,158.1,173.0,175.3,159.3,158.7,147.5,129.6,101.4,92.5,66.2,74.4,65.1,63.8,49.4,42.8,49.8,32.7,46.3,35.6,40.5,44.0,44.9,49.1,41.8,54.7,47.8,48.9,62.8,89.2,131.5
83587,BELO HORIZONTE,MG,117.3,106.3,107.4,68.6,58.6,50.4,73.1,67.0,57.4,42.7,22.8,16.8,9.1,7.6,11.4,6.7,2.3,2.5,0.8,1.8,2.9,3.4,1.9,5.4,7.9,10.7,30.6,33.5,30.7,45.9,66.8,81.6,87.6,99.4,121.9,117.8
82246,BELTERRA,PA,55.8,82.2,84.5,83.6,93.4,74.8,99.0,101.9,124.7,111.5,87.0,101.9,96.0,66.7,78.8,51.2,51.5,36.3,40.6,30.6,30.1,14.7,18.1,14.7,12.5,10.5,9.7,13.6,14.9,25.1,23.6,23.8,26.1,20.3,29.4,39.4
82410,BENJAMIN CONSTANT,AM,101.3,98.7,145.3,106.6,86.3,100.5,105.6,99.2,106.4,98.9,79.3,97.9,81.8,68.6,67.9,72.4,47.8,45.6,48.7,41.0,38.3,33.9,38.9,40.3,38.7,53.1,51.6,52.4,60.6,83.5,75.6,79.6,82.7,85.8,71.5,114.3
83557,BOA ESPERANCA,ES,38.8,49.9,37.5,42.2,27.6,21.9,49.9,42.2,37.8,39.3,33.3,14.9,14.6,13.4,17.2,14.4,12.3,15.5,10.9,18.9,12.3,7.0,19.2,11.5,7.5,11.6,18.9,19.0,17.0,48.5,65.7,72.2,77.0,71.5,64.2,53.5
82024,BOA VISTA,RR,12.1,8.2,8.8,12.3,10.9,8.2,7.3,14.9,17.0,38.6,41.4,69.7,102.5,114.1,130.7,119.5,113.0,103.2,94.3,105.9,107.9,72.0,85.5,63.2,38.5,31.8,27.8,27.1,18.8,22.6,18.6,26.1,30.6,10.9,15.7,32.1
83533,BOM DESPACHO,MG,82.5,73.7,93.5,63.0,57.9,41.9,68.1,52.7,31.2,23.6,18.1,9.7,7.4,16.3,14.3,10.5,3.3,1.8,0.1,1.6,3.6,2.9,1.7,4.7,11.1,11.8,25.9,26.7,30.2,47.3,64.3,80.9,68.8,88.4,106.7,92.6
83919,BOM JESUS,RS,58.2,58.0,62.5,55.6,61.3,47.7,37.4,39.4,44.9,36.1,33.1,42.6,27.0,42.6,49.3,38.3,46.4,50.2,63.4,59.6,49.3,49.2,33.5,43.2,43.5,62.1,60.4,60.5,65.1,62.5,48.5,43.6,46.0,47.6,47.5,61.9
83288,BOM JESUS DA LAPA,BA,34.0,39.1,44.8,41.0,31.0,24.1,38.1,31.1,41.8,31.2,15.9,6.7,3.5,4.6,3.5,1.6,0.4,0.4,0.3,0.1,0.0,0.0,0.5,0.4,1.8,1.3,7.8,8.3,15.2,24.1,38.5,47.0,49.4,65.5,56.5,46.2
82975,BOM JESUS DO PIAUI,PI,NaN,NaN,NaN,69.3,60.0,43.4,47.4,62.2,61.0,50.0,28.4,21.2,16.6,13.4,6.7,0.5,0.0,0.2,0.0,0.2,0.0,0.0,0.3,0.0,5.3,1.2,9.8,10.3,17.2,33.1,31.6,37.8,49.8,53.3,59.9,37.1
83377,BRASILIA,DF,71.3,58.9,75.9,71.3,54.1,54.0,83.4,70.8,71.8,65.1,47.0,33.1,9.0,8.6,9.3,1.9,0.9,0.5,0.1,0.6,0.8,0.1,5.2,11.0,7.2,7.4,22.4,37.5,35.8,68.4,76.1,89.4,87.6,80.8,75.1,85.2
82188,BREVES,PA,NaN,86.1,NaN,103.2,121.7,89.7,129.0,121.8,132.4,110.6,119.6,108.4,105.9,66.6,78.5,62.1,56.5,53.8,40.2,34.7,27.8,17.9,18.5,20.7,17.7,14.8,24.9,20.5,21.8,25.8,21.9,27.8,40.9,47.0,67.3,NaN
83589,CONCEICAO DO MATO DENTRO,MG,79.2,78.3,86.7,66.0,48.3,31.7,71.4,63.2,46.9,42.5,20.7,22.8,8.5,10.5,11.2,4.2,1.8,1.8,0.5,2.4,3.3,1.4,2.5,5.1,4.3,10.8,20.1,24.0,24.9,44.7,77.4,78.1,83.9,102.3,109.1,104.0
82886,CABROBO,PE,18.3,25.2,42.6,30.8,36.4,25.5,21.1,38.6,39.9,30.8,23.8,10.5,14.7,5.5,15.3,NaN,NaN,NaN,4.0,5.4,3.6,1.9,2.0,0.7,0.8,1.1,0.4,0.3,1.7,6.6,2.9,9.3,14.6,9.9,18.0,20.4
83339,CAETITE,BA,34.2,43.3,37.5,27.8,25.6,24.0,31.8,32.5,35.0,23.7,10.9,12.0,6.6,3.1,3.4,2.6,2.7,5.1,4.6,3.6,4.2,1.7,1.0,3.1,2.1,2.1,9.2,6.8,14.4,27.0,42.0,52.8,73.5,51.6,60.8,44.0
83681,POCOS DE CALDAS,MG,106.5,80.7,95.6,80.3,76.7,50.5,56.6,59.4,59.2,35.4,31.3,15.8,NaN,NaN,NaN,11.8,5.7,6.4,3.6,7.9,10.4,4.2,6.6,8.6,19.3,25.4,28.5,39.2,46.5,NaN,51.8,51.3,68.1,70.3,91.7,NaN
82263,CAMETA,PA,88.9,110.3,127.2,122.1,158.9,97.0,136.9,143.9,153.9,125.6,143.8,127.5,133.8,99.6,100.1,67.9,56.2,50.3,44.4,48.7,32.0,28.8,24.2,22.1,18.8,18.0,18.6,14.5,18.6,16.5,23.6,28.2,33.5,40.1,79.8,64.7
82795,CAMPINA GRANDE,PB,9.3,15.2,22.7,17.8,28.9,17.3,24.2,30.8,34.9,22.6,34.0,31.9,36.6,29.4,34.0,35.6,49.8,40.4,39.3,42.3,34.1,25.7,18.8,20.6,14.7,13.1,2.8,4.2,5.2,3.8,3.6,4.8,3.5,4.2,4.5,NaN
83783,CAMPO MOURAO,PR,75.7,86.2,59.1,69.1,58.1,49.7,40.2,46.0,52.7,34.0,40.3,38.3,41.0,36.7,54.2,41.5,46.8,40.1,30.7,38.0,28.5,25.1,21.5,21.8,41.2,35.2,61.2,52.5,68.1,62.8,44.7,55.2,52.9,60.4,49.0,65.7
83698,CAMPOS,RJ,49.5,40.7,37.6,23.3,26.0,14.3,44.1,33.8,39.9,23.2,24.1,18.7,15.2,26.5,20.9,13.4,6.2,11.5,13.6,12.9,8.3,10.2,8.1,11.3,15.2,18.1,24.1,19.0,18.0,41.8,41.8,59.8,58.4,50.3,56.6,41.3
83714,CAMPOS DO JORDAO,SP,83.3,85.9,77.0,75.0,83.2,51.9,62.9,72.7,59.7,34.3,25.9,25.3,22.4,19.6,29.3,20.6,9.2,12.6,10.4,16.0,16.0,11.0,6.3,14.6,22.7,22.1,34.1,43.0,45.6,56.6,48.6,67.1,57.8,68.2,75.2,89.8
83887,CAMPOS NOVOS,SC,70.8,72.9,67.3,65.3,57.2,55.0,49.8,44.5,62.6,49.8,52.5,61.8,36.9,59.3,70.3,51.3,59.1,57.5,63.5,54.7,54.2,53.5,42.2,45.4,58.9,70.4,79.6,80.9,91.6,78.4,56.8,52.6,39.1,52.6,60.5,67.4
83270,CANARANA,MT,93.7,97.6,113.1,121.4,108.0,88.5,76.4,94.5,101.4,55.9,NaN,NaN,6.4,4.4,6.8,2.6,2.1,0.4,0.1,0.0,3.3,0.0,0.1,3.2,8.5,13.6,24.9,44.7,46.1,72.2,79.4,82.8,65.5,101.9,104.4,100.7
83398,CANAVIEIRAS,BA,30.1,39.5,45.4,41.1,47.4,40.5,49.9,57.8,73.0,61.2,61.3,61.8,62.5,41.5,64.8,51.3,44.3,78.9,47.9,50.2,54.0,39.7,40.7,32.6,31.2,27.7,29.5,36.1,40.9,57.3,52.6,48.5,67.4,43.6,56.7,40.1
83639,CAPARAO,MG,83.7,67.2,67.8,48.6,49.9,39.6,77.7,57.3,46.8,33.8,21.7,20.2,14.9,12.1,14.9,6.9,1.7,5.4,3.0,3.1,2.2,7.1,5.3,9.3,7.3,10.0,23.6,19.4,24.8,57.7,55.0,73.8,81.0,95.5,96.7,84.0
83514,CAPINOPOLIS,MG,106.7,85.6,95.5,85.4,66.0,66.1,70.7,63.3,64.5,38.1,29.4,8.8,14.8,11.7,12.4,10.7,4.6,4.0,0.8,1.8,5.3,1.5,1.0,5.9,13.9,12.4,19.3,30.8,32.2,47.1,51.2,63.0,66.4,74.7,81.9,87.1
82042,CARACARAI,RR,22.2,16.7,20.8,19.3,16.8,12.2,16.1,23.9,52.7,46.2,72.5,97.0,125.9,116.4,101.2,121.9,129.6,113.1,113.0,103.1,102.6,78.8,74.2,56.3,52.3,54.3,39.0,30.5,35.4,25.9,26.6,47.7,16.4,NaN,NaN,NaN
82976,CARACOL,PI,47.2,35.9,48.2,42.0,42.8,32.5,35.0,37.1,43.9,28.5,27.6,14.8,9.1,3.7,4.8,NaN,NaN,NaN,0.3,0.3,0.1,0.5,0.0,0.0,0.7,0.0,3.7,3.7,12.1,15.8,17.0,31.5,37.3,28.9,36.3,25.8
83592,CARATINGA,MG,84.6,67.0,55.4,46.6,40.3,26.9,50.9,43.8,47.1,31.7,26.0,15.8,9.9,10.6,12.9,2.7,3.9,4.1,1.5,1.8,2.6,2.1,2.8,3.9,5.5,7.8,23.0,15.5,20.3,50.5,79.2,59.2,67.1,82.8,92.1,86.7
83498,CARAVELAS,BA,31.4,19.7,38.7,30.2,21.7,23.4,39.7,46.8,61.7,59.2,61.3,51.8,46.5,41.0,40.5,30.7,30.6,26.4,26.3,41.6,39.3,19.4,29.4,23.2,18.0,22.2,38.4,33.2,28.9,55.3,67.2,53.3,96.1,57.6,51.2,31.3
83485,CARBONITA,MG,43.3,59.2,48.0,51.7,34.6,21.8,50.3,39.8,29.9,21.2,15.8,7.5,2.8,10.2,5.2,1.3,0.7,1.0,0.5,1.5,1.2,0.6,0.7,2.3,2.5,2.6,14.3,14.8,18.0,48.9,64.9,54.8,76.0,78.0,88.4,70.2
83408,CARINHANHA,BA,41.6,45.7,55.3,45.7,39.5,21.0,50.5,39.9,40.1,21.6,7.8,8.5,1.1,1.1,2.5,0.2,0.1,1.4,0.2,0.0,0.0,0.0,0.0,0.0,1.0,0.2,8.6,NaN,NaN,NaN,44.2,63.0,60.2,69.6,48.8,53.0
83807,CARMO,RJ,NaN,NaN,69.4,46.5,40.9,35.4,42.4,45.3,40.6,38.5,15.2,21.7,9.9,17.7,13.0,5.2,2.8,5.4,2.8,8.5,3.4,6.1,9.3,4.0,13.8,15.6,19.3,29.3,33.3,43.8,68.6,60.3,68.5,87.3,93.6,84.6
82765,CAROLINA,MA,97.2,93.2,112.5,109.5,109.7,69.8,77.1,106.2,109.8,77.7,71.8,56.9,45.4,28.1,18.1,10.2,1.1,1.8,3.3,2.5,1.5,1.1,1.4,6.6,8.4,9.6,19.5,31.8,27.8,57.4,54.6,57.5,62.6,68.6,72.9,89.5
83813,CASTRO,PR,57.5,56.8,62.8,50.7,58.6,47.7,37.4,46.5,48.8,27.6,33.3,30.2,24.1,28.1,46.2,39.3,32.3,36.7,24.4,34.6,31.9,28.2,24.9,19.9,33.4,39.5,47.0,53.9,46.7,48.5,27.2,47.3,37.5,45.4,41.5,57.7
83526,CATALAO,GO,96.1,85.5,90.4,81.8,65.9,70.2,80.6,69.4,62.7,38.8,26.4,12.4,11.2,9.0,8.2,8.6,1.1,1.6,0.3,0.9,2.8,1.8,1.9,4.8,11.2,8.0,17.5,31.3,27.9,40.5,54.1,73.9,60.5,84.3,78.8,87.8
83676,CATANDUVA,SP,99.3,68.0,73.8,70.7,65.9,39.3,46.7,52.8,42.6,29.4,21.9,16.0,9.7,15.3,26.5,15.3,6.2,7.9,4.9,5.0,6.3,7.4,4.2,7.8,14.7,15.0,26.7,28.4,28.5,33.6,37.1,48.6,41.7,50.9,64.2,82.0
82476,CAXIAS,MA,61.6,57.3,80.8,81.5,101.7,65.4,91.2,94.5,138.4,111.4,99.3,70.0,70.6,39.4,32.2,14.9,6.4,9.6,7.0,5.4,6.2,3.1,2.9,5.0,3.4,1.2,5.8,7.1,8.9,9.9,12.1,10.4,18.6,29.5,19.6,41.2
83942,CAXIAS DO SUL,RS,55.3,55.5,56.7,45.1,56.6,48.5,40.4,38.9,42.1,37.5,43.3,52.9,28.6,46.6,56.2,44.9,48.4,53.4,68.6,59.7,56.0,49.5,40.0,50.5,38.0,70.2,54.9,59.8,67.7,64.8,50.6,47.2,46.6,45.7,40.0,68.9
82596,CEARA MIRIM,RN,9.0,25.0,43.3,19.0,50.1,38.5,48.7,54.9,88.0,53.1,63.0,72.9,55.8,56.6,53.5,68.6,81.9,81.3,69.3,68.1,48.7,24.6,23.6,23.1,16.8,17.3,6.3,4.2,5.6,5.5,7.7,7.0,7.6,4.4,5.6,14.9
82382,CHAPADINHA,MA,63.3,68.9,95.5,79.6,125.3,70.2,102.7,110.2,146.2,111.4,114.3,106.0,102.1,48.1,46.2,30.6,25.1,13.6,14.1,8.9,4.0,1.2,3.1,1.6,0.6,0.8,1.1,1.5,10.1,5.0,11.0,10.8,16.6,13.3,19.7,51.3
83883,CHAPECO,SC,57.0,63.4,66.6,80.8,70.1,54.6,53.4,39.3,55.6,51.0,65.0,54.4,34.4,49.2,73.4,47.9,62.5,72.0,69.9,59.8,44.1,52.0,41.2,37.3,51.2,69.8,78.6,73.9,94.5,85.5,60.0,57.1,44.3,61.6,63.7,63.0
83192,CIPO,BA,12.7,12.8,17.7,10.7,18.5,13.7,15.4,22.5,20.5,21.1,11.9,20.0,18.5,17.5,22.0,20.4,21.0,19.3,18.3,22.0,17.5,13.2,13.2,11.7,10.9,9.1,9.5,6.8,9.0,7.5,11.7,21.1,15.6,13.2,14.1,11.3
82425,COARI,AM,94.8,87.6,83.8,101.3,92.3,80.7,109.4,108.7,104.3,97.0,95.9,99.5,80.7,64.7,67.4,43.4,47.7,NaN,NaN,31.6,17.7,16.9,31.4,26.7,33.2,NaN,32.3,41.2,43.5,59.7,57.0,79.8,65.1,73.6,81.3,97.1
82326,CODAJAS,AM,110.4,122.9,124.8,138.2,120.8,99.8,154.5,124.7,156.3,130.0,137.6,117.4,122.4,83.5,94.9,58.8,53.6,47.8,38.8,38.9,26.0,18.5,33.7,30.3,41.5,33.0,45.3,45.6,61.3,72.7,70.2,94.9,78.3,101.1,129.1,137.4
82676,COLINAS,MA,53.9,59.5,80.8,58.2,81.7,51.8,74.1,80.6,94.7,80.1,62.9,33.5,40.7,21.6,17.5,7.4,2.3,4.5,4.1,2.4,2.1,2.3,0.6,3.9,5.2,5.5,13.2,13.4,15.0,31.2,21.4,45.0,38.3,40.7,33.1,55.0
82861,CONCEICAO DO ARAGUAIA,PA,74.4,83.4,92.1,106.6,96.8,61.8,94.3,76.3,104.0,74.9,74.8,45.6,51.8,19.6,25.6,7.4,1.1,2.0,0.7,1.6,0.6,0.8,2.1,2.8,4.9,8.9,32.6,32.1,36.7,67.0,67.8,66.3,87.2,63.9,90.2,84.5
83718,CORDEIRO,RJ,89.4,92.9,72.7,40.9,46.8,41.0,56.5,52.2,44.2,33.7,13.7,17.5,12.4,19.4,10.1,8.0,4.3,6.9,5.6,6.2,5.6,8.0,7.8,4.9,19.0,14.5,20.0,21.6,26.3,42.2,62.1,82.3,70.2,79.2,82.5,83.1
83286,CORRENTINA,BA,44.1,44.9,54.7,53.5,41.7,26.1,43.6,44.8,43.4,25.8,19.2,17.9,3.0,2.6,2.9,0.2,0.1,0.2,NaN,NaN,NaN,0.7,0.5,0.2,1.6,0.3,8.0,13.7,21.7,34.1,58.1,61.0,75.5,69.6,59.3,52.9
83912,CRUZ ALTA,RS,51.3,54.9,51.5,47.1,41.6,54.4,50.0,38.0,46.7,47.5,43.7,59.1,30.2,56.9,66.9,48.4,55.9,50.3,60.1,38.9,54.8,45.6,32.8,37.3,36.9,62.8,54.8,74.4,87.3,77.9,63.1,45.4,45.7,44.9,47.3,68.8
83222,CRUZ DAS ALMAS,BA,14.2,25.8,28.4,26.8,24.0,25.2,23.3,28.6,35.9,33.6,41.4,57.6,47.8,46.8,39.1,56.6,46.8,48.3,43.0,46.1,40.9,33.0,34.6,26.3,33.2,23.4,23.9,16.0,19.6,15.4,21.1,16.9,33.6,27.2,20.2,12.3
82704,CRUZEIRO DO SUL,AC,75.1,82.1,88.7,85.9,90.9,NaN,NaN,NaN,NaN,NaN,NaN,NaN,62.5,48.7,49.0,38.5,24.2,31.3,20.3,21.9,18.6,17.4,22.4,30.0,26.7,36.4,52.5,53.7,58.1,60.9,61.2,65.2,79.2,80.1,62.7,105.3
82693,CRUZETA,RN,29.4,17.9,38.8,19.8,44.8,25.5,32.9,47.1,64.0,48.6,38.0,49.4,28.7,22.5,28.0,17.0,13.9,7.8,5.4,6.8,4.9,4.0,2.2,2.9,1.1,1.3,0.3,0.3,0.2,3.7,0.8,0.4,1.3,2.7,4.2,17.5
83361,CUIABA,MT,72.3,79.3,81.4,87.8,87.8,78.4,58.5,86.2,80.7,50.4,33.7,26.9,16.2,17.9,16.1,6.5,2.7,10.2,2.7,2.6,4.8,2.8,2.6,7.7,10.0,12.9,27.6,23.1,43.2,62.3,47.6,81.1,65.9,70.8,67.1,62.1
83842,CURITIBA,PR,69.0,79.3,77.0,58.4,71.1,55.6,52.0,51.3,43.3,24.5,29.1,32.1,24.8,28.4,37.9,40.0,33.8,38.3,36.8,32.6,34.2,29.7,28.5,23.1,34.5,43.8,55.9,51.1,56.3,48.2,27.1,54.5,42.8,45.5,41.8,58.8
83536,CURVELO,MG,65.9,60.9,74.2,59.4,36.3,37.4,67.2,44.3,40.7,18.3,11.4,10.7,5.3,8.8,6.7,2.7,0.9,0.8,0.1,1.1,1.9,0.8,2.8,3.5,4.7,5.5,14.5,13.2,23.9,31.5,62.9,64.1,66.0,94.1,87.9,82.8
83538,DIAMANTINA,MG,78.8,78.0,84.2,67.1,49.3,38.4,62.8,57.0,57.2,36.3,21.5,15.5,7.8,10.6,7.0,3.9,1.3,1.3,0.7,1.6,2.6,2.7,2.3,6.6,5.2,6.9,19.2,22.0,35.9,57.1,80.9,73.7,82.2,83.7,102.5,92.5
83309,DIAMANTINO,MT,111.1,90.4,104.1,112.6,137.6,95.5,90.8,97.0,96.2,58.9,49.7,28.0,27.5,14.7,13.0,5.9,2.6,4.8,1.8,0.7,6.8,3.7,3.2,13.4,10.9,18.2,30.5,37.2,51.4,85.6,60.5,76.6,100.9,116.8,78.9,83.6
83635,DIVINOPOLIS,MG,103.0,85.3,104.4,50.3,73.2,42.9,79.5,50.9,36.4,30.1,14.2,13.3,5.7,8.7,16.1,13.9,2.8,5.5,0.0,2.5,5.4,3.8,2.7,6.5,11.5,8.3,24.1,26.9,35.0,47.6,60.8,65.6,70.7,82.1,96.4,97.4
82610,EIRUNEPE,AM,113.4,100.1,112.0,104.6,91.5,107.7,105.0,98.5,108.1,111.9,90.9,73.9,84.6,47.4,42.1,44.9,26.6,24.2,24.4,19.7,19.1,20.1,25.9,31.5,32.1,31.1,65.8,53.9,62.1,82.4,67.7,86.3,78.1,105.2,87.1,110.4
83964,ENCRUZILHADA DO SUL,RS,53.1,50.6,52.2,48.0,41.4,36.8,37.7,34.8,38.8,40.4,51.9,45.1,33.5,53.2,51.0,46.2,47.6,42.3,51.4,48.3,72.5,44.2,34.7,43.3,41.8,68.3,47.3,54.4,65.0,54.5,39.7,47.9,33.7,36.1,34.4,68.9
83338,ESPINOSA,MG,27.5,41.6,37.0,31.0,30.2,11.5,32.4,33.8,31.7,22.0,9.5,4.5,3.9,1.5,2.3,0.8,0.2,0.2,0.4,0.9,NaN,0.0,1.4,0.3,1.0,0.9,3.7,5.9,10.5,23.6,36.7,37.0,52.2,62.7,48.0,51.4
83581,FLORESTAL,MG,102.0,81.5,94.0,56.6,43.8,37.4,69.3,56.9,50.7,29.7,10.2,10.5,6.0,10.0,11.0,8.7,2.2,2.0,0.1,NaN,4.0,1.1,1.9,4.0,11.1,9.9,21.9,27.4,22.8,37.4,64.7,73.8,77.9,77.3,120.4,104.3
82678,FLORIANO,PI,57.6,69.1,60.3,47.7,67.8,48.5,49.1,68.0,67.4,48.9,46.9,32.2,21.4,13.3,17.2,3.1,2.0,1.0,3.8,0.3,0.1,0.1,0.0,0.3,2.3,2.6,6.1,7.3,13.2,28.6,19.5,26.9,30.9,38.5,44.4,36.2
83897,FLORIANOPOLIS,SC,67.0,74.4,103.5,61.0,66.4,70.2,70.7,52.1,53.7,40.4,28.2,42.6,31.9,49.3,42.0,28.2,23.9,30.4,36.9,27.3,34.2,38.8,21.0,29.3,43.0,40.1,60.1,52.1,44.3,53.2,45.4,44.7,52.9,46.1,53.5,74.6
82212,FONTE BOA,AM,80.6,80.8,74.4,80.6,64.9,62.0,91.9,70.0,92.2,79.4,96.4,101.2,107.3,91.2,94.0,79.8,67.1,68.7,72.5,59.9,42.8,35.3,41.0,45.5,43.9,45.7,42.6,49.5,50.8,63.3,59.5,57.7,60.8,68.7,79.8,101.9
83379,FORMOSA,GO,77.3,61.6,84.0,82.1,63.8,51.4,72.0,64.7,74.3,45.3,29.2,18.4,7.4,6.3,5.8,2.0,1.1,0.8,0.0,0.2,0.0,0.2,2.5,4.8,5.7,5.6,16.5,23.0,31.6,47.1,63.3,59.9,84.6,80.5,80.4,85.9
83334,FORMOSO,MG,53.9,59.5,75.0,68.8,68.6,39.1,67.2,78.6,73.9,37.7,32.3,17.9,7.2,5.4,3.2,1.5,0.7,0.8,0.0,0.3,0.0,0.0,1.8,1.9,NaN,NaN,NaN,13.0,24.3,50.7,67.7,64.6,75.2,69.2,75.5,69.3
82397,FORTALEZA,CE,47.0,51.1,58.4,43.9,77.5,65.6,95.4,96.6,143.8,124.8,123.5,136.7,87.8,59.2,82.3,43.1,41.7,45.2,33.9,22.1,13.7,9.3,4.5,5.5,4.0,6.7,2.9,2.6,4.0,2.9,2.4,4.8,2.8,5.4,12.2,19.5
83630,FRANCA,SP,104.2,86.5,128.8,94.5,76.6,68.0,72.2,61.0,71.9,30.8,31.4,20.7,21.8,13.2,22.1,9.5,5.4,8.1,2.5,6.7,6.1,6.5,5.9,7.6,17.2,16.9,26.3,40.6,48.5,58.3,57.7,71.4,72.6,85.6,99.7,94.1
82893,GARANHUNS,PE,10.5,13.0,16.3,10.5,18.2,12.6,14.2,31.0,26.3,26.1,23.3,28.3,38.9,35.3,42.6,51.1,59.9,41.5,40.6,45.4,51.7,39.1,40.9,27.0,23.1,20.6,6.9,11.9,9.6,8.2,4.8,4.4,4.4,5.8,8.0,17.2
83423,GOIANIA,GO,87.6,73.1,88.5,81.5,84.6,69.7,85.6,83.1,89.8,67.2,49.6,20.9,10.9,11.1,8.3,5.8,1.5,1.1,0.3,0.2,1.0,0.8,3.9,4.7,9.9,12.5,21.8,39.3,36.0,68.7,61.6,69.7,88.3,92.8,86.8,92.3
83374,GOIAS,GO,97.8,108.3,123.6,94.3,92.2,76.0,78.4,74.0,86.9,48.5,31.5,20.8,5.9,9.1,6.9,5.9,3.0,2.8,1.2,0.2,1.4,0.0,2.7,5.3,8.1,10.8,21.4,35.6,41.3,50.6,74.3,81.0,86.8,95.4,113.0,114.3
82487,GUARAMIRANGA,CE,53.0,51.1,79.9,39.5,73.2,58.0,68.4,79.8,126.3,99.1,95.4,99.8,80.4,64.9,64.1,64.2,55.7,57.9,40.6,39.6,25.5,16.8,11.0,10.5,5.4,12.5,5.4,7.2,9.4,12.5,11.1,12.8,12.2,10.6,22.3,30.2
83446,GUARATINGA,BA,25.6,42.8,33.1,28.0,30.5,24.5,40.6,48.3,42.4,36.5,37.6,28.6,20.6,18.0,29.4,22.4,16.2,21.7,19.8,22.2,24.9,16.2,19.0,16.6,15.2,18.4,16.1,21.4,26.1,41.3,42.2,45.4,81.8,58.8,51.8,38.3
82067,IAUARETE,AM,74.0,70.7,83.0,97.9,74.3,85.0,105.4,78.7,114.8,96.5,114.0,114.9,117.3,139.8,136.7,113.7,105.2,122.7,100.3,95.2,101.3,68.8,83.1,72.6,63.8,77.1,69.3,NaN,NaN,NaN,68.8,74.0,61.4,76.8,NaN,94.0
83114,IGUABA GRANDE,RJ,34.0,31.2,38.5,16.2,28.2,16.6,41.3,28.1,39.9,22.1,19.9,23.3,20.3,33.7,20.8,18.6,9.8,12.3,20.0,18.9,14.0,12.0,10.3,13.2,17.4,16.4,26.7,25.9,14.9,23.8,37.8,38.8,35.5,33.1,38.5,39.9
82686,IGUATU,CE,30.2,36.5,64.8,43.5,71.5,51.2,52.2,78.2,86.8,56.7,74.9,54.0,47.8,24.2,30.6,9.9,8.8,9.5,3.7,8.5,4.0,3.6,2.0,5.9,0.5,5.9,1.2,2.4,2.4,14.9,5.1,2.5,8.1,11.2,18.2,24.7
82564,IMPERATRIZ,MA,79.9,98.1,83.3,81.6,85.6,73.3,97.9,91.4,94.1,78.7,68.5,49.6,42.5,21.9,26.7,5.6,2.6,6.0,2.5,1.8,2.1,0.4,0.9,4.9,8.7,5.4,12.4,10.7,21.4,31.4,28.6,38.0,60.4,46.6,69.1,61.6
83872,INDAIAL,SC,78.0,83.5,92.3,55.9,64.3,53.5,55.3,39.8,49.2,32.0,25.2,46.7,23.8,40.1,47.4,35.7,43.8,44.9,45.5,35.4,41.9,46.6,25.3,34.2,45.3,53.1,60.7,67.9,59.4,48.4,41.1,52.9,57.6,46.7,49.9,64.2
83522,IPAMERI,GO,106.6,87.3,78.3,85.6,62.8,62.0,75.3,76.5,67.6,45.7,28.3,18.0,9.6,10.5,8.7,6.3,0.7,1.2,0.1,1.1,2.3,0.4,1.1,5.2,12.8,8.4,24.8,37.0,27.6,43.5,68.1,70.1,79.4,80.3,90.0,93.0
83881,IRAI,RS,54.7,54.2,62.4,66.7,65.9,53.4,44.4,46.2,45.2,40.4,64.1,56.2,28.9,53.3,64.7,46.2,63.1,66.7,62.5,45.1,39.5,53.8,41.4,31.7,42.9,62.5,66.6,74.0,94.9,80.8,55.1,44.6,41.7,57.6,48.9,74.1
83836,IRATI,PR,74.4,61.7,59.5,44.3,70.0,46.3,36.7,46.1,45.4,30.4,31.3,44.5,23.4,35.6,59.5,45.7,45.5,46.4,37.4,38.3,33.3,30.4,32.4,23.4,40.0,49.4,66.1,66.1,63.7,56.4,40.9,46.5,42.2,50.5,43.2,56.1
83182,IRECE,BA,32.6,27.2,31.1,30.3,29.9,18.0,29.0,31.5,33.2,17.3,14.7,12.1,7.4,1.5,2.1,1.0,0.4,0.5,0.9,0.4,0.2,0.3,0.3,0.3,1.2,0.2,2.2,2.6,8.1,21.2,29.6,33.8,38.2,30.5,43.6,30.1
83195,ITABAIANINHA,SE,15.4,19.2,29.0,16.3,25.5,20.9,18.5,27.4,33.1,26.7,39.9,42.7,56.7,51.8,62.4,55.1,60.8,50.7,43.5,54.7,40.2,34.0,35.8,29.7,32.3,24.1,18.2,13.6,23.6,14.9,14.5,15.6,15.5,8.5,15.0,6.3
83244,ITABERABA,BA,29.1,35.7,29.9,20.4,23.7,15.8,35.1,17.7,18.0,16.2,17.6,13.3,10.1,9.9,8.5,13.5,9.8,12.4,12.8,11.8,10.9,6.6,5.5,8.7,6.2,6.4,5.5,3.7,7.0,19.8,19.3,23.6,27.0,30.5,29.1,21.6
82336,ITACOATIARA,AM,92.8,116.2,108.5,97.0,111.9,107.8,136.2,126.4,155.3,116.7,118.6,99.5,108.8,84.9,73.9,66.0,55.9,37.5,36.6,32.0,31.0,22.1,28.8,22.9,27.1,21.3,24.1,35.5,34.8,44.0,35.6,50.7,45.2,56.5,84.9,99.3
82445,ITAITUBA,PA,76.1,80.8,97.9,115.5,113.2,84.9,108.6,115.9,121.1,95.0,100.0,77.6,80.6,69.5,59.8,39.5,34.2,25.3,20.4,25.0,22.4,14.5,14.7,24.4,24.8,17.3,30.6,32.9,34.9,45.0,42.3,54.5,51.3,40.8,61.9,76.1
83488,ITAMARANDIBA,MG,49.5,54.2,57.8,56.9,30.8,30.3,41.0,36.4,30.0,22.4,14.5,7.3,5.8,8.0,6.0,3.4,1.1,1.1,0.9,2.1,2.4,1.6,3.0,3.0,3.2,3.4,12.7,20.3,17.5,53.8,60.6,70.3,88.6,82.8,86.7,69.5
83695,ITAPERUNA,RJ,84.5,53.0,52.4,38.1,45.7,36.2,56.1,50.4,43.1,29.7,22.2,16.9,14.5,15.8,12.0,10.6,4.5,6.2,4.4,7.4,3.4,5.4,6.6,9.4,15.3,17.7,28.3,20.3,25.4,44.1,59.8,66.7,70.7,71.2,73.4,82.8
83521,ITUIUTABA,MG,98.2,75.5,111.6,84.2,68.1,57.8,58.9,67.8,69.4,42.4,32.5,10.3,9.9,11.1,14.9,7.0,5.7,6.4,0.1,2.6,6.7,3.3,3.7,4.0,12.9,13.9,22.5,38.2,24.3,52.6,46.8,59.6,61.0,61.9,88.9,86.3
83811,IVAI,PR,57.5,61.4,64.7,42.1,61.2,45.1,38.4,38.5,51.6,28.0,36.0,37.8,28.3,30.9,53.4,47.0,41.4,51.4,34.9,39.1,37.9,32.0,31.5,19.9,36.2,46.6,58.7,59.7,64.1,54.0,36.6,50.1,43.6,49.7,52.3,59.5
83186,JACOBINA,BA,28.1,47.3,35.3,36.5,27.5,21.2,32.9,31.8,45.6,31.2,34.0,20.0,17.2,14.3,14.5,13.7,12.8,14.9,12.5,13.2,11.7,11.8,12.6,11.9,7.9,7.5,6.3,8.7,7.0,9.4,15.2,33.4,35.6,21.7,33.4,23.0
82493,JAGUARUANA,CE,13.3,25.1,35.9,15.7,44.0,38.6,47.2,53.4,72.6,57.8,61.7,57.4,36.1,30.3,22.1,19.8,9.8,10.8,12.1,7.9,3.7,3.1,1.3,1.3,0.4,1.6,0.0,1.1,0.1,1.5,0.4,0.7,0.5,1.4,2.8,5.3
83395,JANAUBA,MG,42.1,63.5,43.4,27.4,29.0,17.6,34.4,33.7,24.7,18.0,7.8,9.3,1.6,2.5,2.0,0.4,0.8,0.2,0.0,0.1,0.2,0.0,0.0,2.5,0.6,0.8,4.3,11.8,11.0,23.3,60.2,34.9,82.4,55.0,58.8,56.9
83386,JANUARIA,MG,54.3,54.1,53.5,60.4,37.4,23.8,49.7,56.0,36.4,18.3,13.3,6.4,3.7,2.3,2.5,0.8,0.3,0.5,0.0,0.0,0.1,0.0,0.6,0.3,0.4,1.2,6.2,9.5,8.9,34.5,53.3,65.7,72.6,71.8,68.6,67.8
83464,JATAI,GO,77.4,68.6,80.7,84.4,80.2,71.6,94.7,91.8,81.9,53.8,39.9,16.8,11.6,17.3,18.4,9.7,4.4,4.5,2.3,1.0,4.2,2.2,2.2,5.9,14.3,13.3,31.5,36.3,39.5,60.8,63.4,63.8,72.1,91.3,75.7,97.4
83591,JOAO MONLEVADE,MG,88.5,75.4,69.1,56.1,49.2,27.5,86.4,56.0,54.4,41.2,14.8,18.3,7.5,9.9,10.9,5.6,3.3,2.9,0.2,2.5,2.6,4.7,2.3,6.0,6.9,12.2,23.2,23.9,28.6,48.9,78.8,87.7,93.1,NaN,NaN,NaN
82798,JOAO PESSOA,PB,20.8,24.1,41.5,22.2,53.3,30.7,39.3,55.6,76.6,52.0,95.1,88.6,86.2,91.8,109.7,115.2,137.0,116.5,94.1,96.5,91.0,49.6,48.0,39.0,37.3,28.1,8.7,8.7,10.8,11.4,6.3,7.4,7.4,7.1,11.0,18.5
83481,JOAO PINHEIRO,MG,NaN,NaN,NaN,71.6,49.8,44.4,77.3,74.6,60.8,35.5,17.3,11.3,7.8,14.6,5.4,3.3,0.8,0.3,0.0,1.5,1.2,0.8,0.4,6.0,3.6,4.8,17.3,29.8,18.1,37.3,69.9,82.1,80.5,88.2,104.4,93.6
83692,JUIZ DE FORA,MG,111.0,93.4,93.0,56.0,63.8,50.5,66.0,78.1,63.4,37.7,22.2,18.6,11.6,17.7,12.2,10.7,3.7,4.1,4.6,5.5,4.3,5.5,5.9,7.3,15.6,15.3,26.9,37.8,31.2,48.6,64.0,88.4,83.8,92.6,102.1,115.7
83452,JURAMENTO,MG,46.4,60.5,52.0,55.2,25.3,20.6,41.5,40.3,35.9,21.2,11.3,6.1,3.8,5.6,1.9,1.8,0.9,1.3,0.2,0.4,0.1,0.0,0.2,1.2,3.3,0.8,12.0,14.3,14.9,40.5,64.4,56.3,65.9,75.3,73.1,66.2
82723,LABREA,AM,99.0,94.6,106.2,103.3,101.0,89.9,103.5,99.7,113.2,86.0,75.3,77.7,54.5,41.9,42.8,21.5,11.4,8.7,11.5,7.2,9.6,7.4,21.2,21.6,32.0,25.8,43.5,43.0,62.5,69.8,59.4,73.0,78.3,78.0,96.4,91.6
83891,LAGES,SC,52.2,59.1,66.3,67.4,56.0,43.6,40.8,37.5,48.3,30.4,34.0,50.7,28.7,48.0,44.0,33.5,44.2,49.0,64.9,48.1,46.3,51.0,35.3,39.3,45.1,59.0,70.9,72.9,71.2,57.2,52.8,45.1,40.2,41.1,56.2,51.7
83687,LAVRAS,MG,99.5,87.6,104.4,76.1,64.8,49.5,58.1,58.6,44.6,26.9,14.4,12.7,8.1,19.2,15.3,11.8,3.5,4.5,2.5,4.1,2.9,4.5,2.5,8.1,15.6,14.3,25.2,32.6,30.6,37.9,55.9,71.8,64.7,80.3,88.7,90.8
83242,LENCOIS,BA,43.0,48.2,38.7,26.2,41.5,29.8,34.0,56.2,76.5,46.9,39.1,28.1,24.5,23.1,14.4,22.5,15.3,16.8,15.8,11.2,13.6,13.0,10.6,16.7,10.9,6.7,8.8,12.5,18.7,40.6,35.1,43.8,51.7,46.5,38.3,31.0
83766,LONDRINA,PR,75.1,82.7,76.5,66.4,88.9,44.7,40.4,43.9,43.1,30.2,30.1,31.1,31.3,36.2,45.6,36.5,34.3,24.7,27.5,21.2,20.5,21.1,20.5,15.1,26.3,26.9,48.3,47.9,51.4,58.9,47.6,61.4,46.1,53.7,67.5,73.4
82296,LUZILANDIA,PI,NaN,NaN,67.6,60.4,79.2,60.0,76.5,89.4,NaN,89.9,81.3,89.1,61.7,43.0,39.5,28.2,26.7,19.5,14.9,8.2,8.2,2.3,4.5,3.7,2.5,1.8,1.0,5.2,4.5,5.0,3.6,4.8,3.0,7.8,27.1,26.4
82098,MACAPA,AP,75.2,98.7,93.4,132.6,138.5,97.2,130.9,107.5,161.7,127.1,118.8,130.5,120.7,93.6,94.1,81.9,90.4,80.0,81.2,62.8,56.3,40.2,33.9,21.2,10.0,7.9,7.5,7.5,4.3,10.3,13.2,20.8,24.0,32.6,44.4,72.0
82994,MACEIO,AL,23.1,28.6,39.4,20.3,42.0,17.8,35.2,39.4,32.8,49.2,70.7,71.9,101.9,70.2,115.3,100.2,117.4,105.2,94.8,86.0,90.2,63.3,65.1,57.8,46.5,39.4,22.9,20.5,26.5,19.6,21.9,10.5,11.4,8.0,15.4,12.5
83683,MACHADO,MG,102.3,99.3,81.2,84.7,82.5,45.8,60.5,56.7,58.8,29.5,23.6,15.3,15.3,23.8,23.6,11.0,5.1,7.2,5.6,6.4,7.1,5.9,4.0,7.4,20.1,22.5,27.0,32.6,35.6,47.3,55.2,59.1,60.5,70.1,88.2,82.4
82331,MANAUS,AM,92.6,107.1,105.9,101.1,99.4,96.3,106.0,95.5,119.4,105.4,110.6,115.0,98.6,61.6,73.1,48.7,40.9,27.6,28.0,14.9,24.2,17.4,23.7,15.0,20.4,19.4,39.2,42.0,33.8,38.2,47.6,74.4,66.0,69.9,78.1,105.5
82533,MANICORE,AM,104.9,103.3,108.8,122.8,128.0,96.2,110.8,112.3,118.8,124.5,99.9,99.7,84.7,74.8,56.5,42.2,23.4,27.5,19.1,18.6,15.1,10.5,20.1,30.1,30.5,33.9,37.4,53.7,64.5,67.7,65.8,74.7,88.2,72.4,109.2,100.6
82562,MARABA,PA,86.0,87.4,100.0,106.8,116.2,72.7,95.7,116.7,128.4,94.3,72.9,66.3,50.1,42.3,32.6,10.9,6.7,6.5,7.6,4.7,2.9,2.1,2.7,4.8,10.2,9.0,21.9,23.2,15.8,39.5,47.5,53.1,53.0,39.7,64.5,88.0
83015,MARIA DA FE,MG,106.2,101.5,93.2,83.0,66.1,51.6,61.1,52.2,57.2,32.9,24.1,19.9,18.5,19.7,27.7,17.6,9.2,12.4,7.3,13.8,11.9,6.7,8.1,10.9,27.4,20.7,32.2,NaN,NaN,NaN,NaN,NaN,NaN,67.2,101.4,91.4
83767,MARINGA,PR,73.2,83.4,69.5,69.3,75.7,55.8,51.1,53.9,50.0,43.1,37.6,32.2,35.2,34.5,49.0,42.1,30.9,30.5,22.6,28.6,21.7,22.9,24.0,19.8,30.5,38.6,55.1,52.4,59.8,60.8,52.6,49.6,51.8,58.8,62.5,73.7
83214,MATUPA,MT,99.5,104.3,101.5,92.7,101.9,76.6,83.0,103.7,99.5,61.3,49.8,37.8,12.4,12.7,12.4,3.3,1.2,1.4,0.2,0.9,1.2,0.2,0.5,8.1,13.9,19.0,41.2,43.3,58.1,54.3,65.1,65.4,75.6,82.0,99.2,95.8
82181,MONTE ALEGRE,PA,37.9,64.1,59.4,61.9,89.9,73.4,86.6,96.2,120.9,123.9,97.8,112.7,95.8,83.4,77.3,46.8,58.6,47.4,38.6,36.7,26.9,14.1,19.7,9.0,7.2,10.1,5.0,10.2,10.3,8.1,18.5,23.5,17.8,28.4,30.0,42.3
83388,MONTE AZUL,MG,35.8,54.3,34.3,35.0,33.5,24.7,45.3,37.2,28.6,20.8,6.1,5.9,3.7,0.4,1.7,0.7,0.5,0.4,0.1,0.3,0.0,0.0,0.1,0.8,2.4,1.4,6.1,6.8,11.5,27.7,45.5,38.4,61.4,62.8,60.0,54.1
83090,MONTE SANTO,BA,14.0,18.8,25.6,11.9,22.6,19.6,16.8,21.8,14.9,18.4,13.5,18.5,14.4,16.0,20.3,15.7,19.4,19.5,17.7,17.9,16.7,12.6,11.5,9.6,6.9,5.7,6.6,4.3,6.8,8.2,12.4,19.5,16.9,27.3,18.5,14.5
82792,MONTEIRO,PB,24.0,17.8,29.0,19.8,37.1,22.0,27.6,39.9,60.0,31.0,29.0,29.2,40.7,30.5,26.1,14.2,18.6,12.0,16.1,6.8,12.9,5.4,3.4,4.1,4.5,2.3,0.1,1.0,5.7,8.7,4.3,3.3,9.6,8.7,9.8,17.5
83437,MONTES CLAROS,MG,52.8,70.8,56.2,55.9,28.2,20.4,52.9,49.0,35.1,21.9,14.8,4.9,2.5,6.3,2.8,0.5,0.6,1.0,0.1,0.4,0.1,0.1,0.2,1.3,2.9,0.8,14.3,14.3,16.2,42.8,79.4,54.2,72.2,77.1,76.7,69.4
82588,MORADA NOVA,CE,22.1,30.2,38.3,22.9,52.5,33.3,NaN,NaN,NaN,41.1,54.9,42.6,31.7,31.5,27.0,22.3,19.4,16.6,NaN,NaN,NaN,5.8,0.9,2.0,0.1,0.8,0.0,0.1,1.0,2.7,2.7,0.6,1.3,3.6,7.9,11.2
83184,MORRO DO CHAPEU,BA,27.5,25.9,28.7,26.9,27.8,15.9,22.8,27.0,30.9,22.3,19.6,15.6,9.4,9.2,9.6,13.2,10.1,11.5,10.9,8.7,10.3,9.0,8.7,7.2,6.6,6.0,5.4,4.3,10.6,18.9,25.4,32.8,34.9,27.1,25.7,18.7
83013,MUNIZ FREIRE,ES,61.3,59.7,64.4,59.1,45.6,36.7,71.4,57.1,57.0,51.2,33.6,28.5,19.9,18.0,18.9,8.3,8.1,6.5,7.3,7.1,4.9,4.2,9.4,9.6,12.4,18.9,22.4,18.3,24.3,61.7,61.5,77.1,70.0,82.2,88.8,95.5
82598,NATAL,RN,15.6,24.1,41.0,22.7,43.0,34.1,53.2,62.3,92.5,61.2,87.8,90.4,75.4,72.5,73.9,112.4,124.5,111.9,96.7,86.6,70.7,42.5,42.9,33.4,22.1,24.7,7.2,6.1,6.7,7.9,5.9,8.2,8.4,5.3,9.9,13.8
83513,NHECOLANDIA,MS,50.1,57.8,63.6,61.1,50.7,33.1,58.7,38.2,40.7,28.5,31.3,17.3,19.2,16.1,27.7,9.6,7.3,5.0,6.3,1.9,5.5,3.4,5.2,11.6,12.8,8.1,24.2,27.3,24.0,39.2,42.0,49.2,52.4,55.8,53.7,44.9
83319,NOVA XAVANTINA,MT,96.3,93.5,89.1,84.2,81.5,53.2,69.6,75.6,68.7,34.7,28.2,13.2,3.8,4.2,3.2,5.1,1.9,0.8,0.8,0.1,2.0,0.0,0.7,1.8,7.6,11.0,17.2,35.1,29.3,60.7,69.1,70.7,65.6,89.7,93.1,88.8
82178,OBIDOS,PA,74.7,89.8,95.7,97.0,97.4,94.5,112.1,106.5,127.3,120.7,90.3,94.6,93.7,58.0,56.8,37.1,28.4,26.3,20.5,25.3,16.8,6.6,10.9,16.2,11.6,9.2,18.4,13.5,16.7,14.5,29.3,37.4,38.6,31.9,44.5,64.8
82753,OURICURI,PE,33.5,33.6,28.1,33.6,43.4,26.5,29.9,42.3,63.4,32.5,34.9,15.9,18.1,8.9,14.4,3.6,2.6,2.4,3.8,5.3,2.6,1.8,1.0,1.1,0.3,0.4,1.9,0.5,5.7,7.9,5.6,9.3,16.6,22.1,21.7,31.1
83364,SANTO ANTONIO DE LEVERGER,MT,78.8,68.6,83.3,75.3,74.5,59.0,57.7,59.0,81.4,49.0,35.5,16.1,10.5,11.1,17.8,9.0,3.7,6.2,3.5,3.3,4.1,2.9,1.7,9.3,10.1,8.7,27.1,21.7,32.4,48.5,49.8,63.7,50.9,66.3,70.3,70.7
83033,PALMAS,TO,94.3,86.8,117.5,96.3,93.7,65.1,86.3,78.0,99.7,68.1,67.5,44.3,32.9,13.8,13.8,2.9,0.4,3.1,0.1,0.8,0.0,0.0,0.6,0.6,7.1,9.8,29.0,34.5,39.2,70.2,66.9,79.3,76.5,78.3,94.7,91.5
82992,PALMEIRA DOS INDIOS,AL,5.7,13.3,24.3,11.3,19.0,15.3,10.0,19.8,26.7,25.6,26.3,33.9,42.6,42.9,52.5,51.7,54.2,42.9,41.7,46.0,43.7,32.3,34.8,21.6,21.1,13.9,6.7,13.9,9.9,5.5,7.7,3.8,4.2,4.8,11.3,6.5
83479,PARACATU,MG,94.3,80.9,82.8,86.8,66.9,50.7,75.3,77.0,57.7,44.6,18.6,10.6,5.3,11.3,7.4,3.7,1.3,0.6,0.1,0.1,0.8,0.3,3.1,5.4,5.3,6.1,16.9,25.3,22.2,32.8,63.2,71.4,77.6,95.3,109.7,106.9
83844,PARANAGUA,PR,103.1,114.7,123.7,108.3,128.3,87.7,105.2,90.1,78.5,52.0,44.9,59.1,40.6,39.6,35.1,35.7,34.3,39.9,39.5,37.2,32.1,32.5,19.7,23.3,39.8,47.8,72.1,60.6,56.6,57.4,49.4,73.4,62.7,65.8,70.1,100.7
83565,PARANAIBA,MS,87.5,93.7,104.9,60.6,74.4,65.7,66.3,59.1,55.9,29.5,21.9,14.3,9.1,17.0,22.9,10.6,5.4,9.0,2.1,3.6,8.8,4.7,2.7,9.5,19.7,15.1,25.4,17.5,36.1,41.4,48.1,44.2,48.5,73.0,72.6,72.6
82287,PARNAIBA,PI,27.3,45.4,50.4,41.7,65.8,65.7,52.8,63.3,90.7,72.3,70.2,74.2,62.3,44.8,37.3,19.3,19.2,12.6,21.8,13.6,7.2,1.8,1.3,1.3,0.7,0.1,0.0,0.4,0.2,1.9,1.0,1.6,0.4,0.3,6.6,20.9
83737,PASSA QUATRO,MG,NaN,NaN,NaN,84.1,60.5,46.0,59.1,60.4,50.5,27.7,21.7,16.0,12.3,20.7,20.9,17.3,7.9,9.5,5.9,10.8,7.8,6.0,6.4,7.1,21.6,21.2,30.8,49.3,43.7,43.0,46.6,70.3,59.6,72.7,91.2,94.1
83914,PASSO FUNDO,RS,56.5,58.1,59.0,43.6,58.4,45.0,47.2,45.3,44.8,41.2,38.6,60.4,30.3,55.2,68.0,47.8,59.9,50.4,65.4,51.7,46.8,47.0,40.7,43.1,43.9,59.3,62.3,81.6,86.2,71.6,62.0,50.6,47.5,45.7,52.7,63.7
82791,PATOS,PB,33.3,32.7,43.8,37.0,62.5,36.7,37.8,71.5,78.9,38.6,41.4,38.1,29.4,22.0,18.8,NaN,NaN,NaN,NaN,NaN,NaN,3.4,0.6,1.4,0.7,0.0,0.3,0.5,1.3,4.7,1.2,2.7,5.2,12.8,7.6,18.1
83531,PATOS DE MINAS,MG,101.2,73.8,94.8,73.8,60.3,43.1,75.7,71.8,59.4,31.9,22.8,13.4,11.0,10.9,11.3,8.1,1.1,2.6,0.1,1.0,2.5,1.3,1.2,4.6,11.2,6.4,25.1,30.8,19.3,43.7,64.0,75.9,67.7,97.0,102.1,106.8
82882,PAULISTANA,PI,34.8,44.6,43.1,41.9,45.9,24.4,34.3,57.7,56.0,24.3,13.7,10.9,8.1,6.1,5.8,NaN,NaN,NaN,0.3,0.5,0.1,0.1,0.1,0.1,0.0,0.2,1.5,1.2,5.5,10.7,8.9,18.2,28.4,18.7,21.5,22.5
82986,PAULO AFONSO,BA,10.1,15.3,28.2,16.9,16.8,11.2,12.5,28.1,25.5,18.9,16.8,19.8,24.0,17.9,14.7,17.8,21.9,12.1,14.3,NaN,16.8,13.9,9.9,NaN,NaN,6.2,2.1,2.4,6.1,5.9,NaN,NaN,NaN,4.3,11.8,15.2
83393,PEDRA AZUL,MG,37.2,39.6,39.3,23.5,22.0,20.2,42.9,47.4,36.7,25.5,16.1,10.9,10.1,11.6,7.4,4.7,4.2,4.8,4.0,4.6,5.2,3.0,4.1,3.5,3.3,3.4,6.4,11.5,12.0,28.3,59.1,51.1,70.0,76.2,51.9,43.5
82863,PEDRO AFONSO,TO,81.3,104.7,96.2,77.8,89.9,66.2,94.0,89.0,95.9,75.1,65.5,46.0,30.6,18.2,18.7,3.4,0.6,0.8,0.0,3.1,0.2,0.1,0.4,1.8,5.2,9.9,27.4,31.9,41.1,51.3,57.3,70.7,87.6,63.1,82.5,80.9
83228,PEIXE,TO,83.4,80.3,106.5,73.1,78.7,59.3,72.6,70.0,73.2,41.2,57.7,26.3,11.1,5.1,6.7,1.8,0.0,2.9,0.0,0.0,0.0,0.0,0.0,0.1,7.1,3.4,21.8,21.1,22.4,49.5,51.8,63.8,74.4,77.8,78.5,96.1
83985,PELOTAS,RS,41.9,38.6,38.5,56.8,42.2,42.8,37.5,38.0,33.6,34.1,45.9,36.2,40.8,36.0,38.9,22.7,49.4,35.6,35.8,36.1,42.4,34.7,33.7,48.1,40.8,52.1,35.8,36.4,49.4,34.5,35.1,39.4,24.9,29.6,33.7,39.9
82983,PETROLINA,PE,20.2,25.3,38.0,27.0,27.6,23.5,18.6,35.7,29.3,26.6,14.4,4.9,4.2,2.8,3.9,1.2,1.8,2.7,1.2,1.7,1.6,0.8,0.5,0.4,0.7,1.2,0.4,1.4,1.6,6.2,11.5,14.9,20.1,11.5,17.0,18.6
83483,PIRAPORA,MG,71.6,66.8,50.7,48.1,37.4,19.8,60.0,45.6,35.2,22.2,14.0,7.4,2.5,5.1,4.4,1.1,0.7,0.9,0.0,0.4,0.5,0.1,0.3,4.6,2.6,2.2,12.3,20.9,16.9,31.7,69.9,66.1,91.0,73.4,81.0,82.0
83376,PIRENOPOLIS,GO,96.0,78.2,107.5,94.3,76.6,67.5,78.7,99.6,76.6,61.5,54.3,39.5,7.7,13.0,7.8,3.7,1.6,1.1,0.2,0.3,1.3,0.7,4.0,6.4,9.3,6.0,21.7,33.7,35.8,65.5,76.9,79.6,83.3,99.7,91.3,86.7
82480,PIRIPIRI,PI,51.5,63.2,81.8,60.4,106.8,77.4,96.9,97.9,144.4,103.4,101.5,106.4,60.6,46.6,39.7,20.4,11.6,11.4,6.4,4.6,4.2,2.0,2.9,5.9,2.7,1.6,0.9,4.4,6.6,10.9,7.5,9.3,12.3,10.5,24.8,21.8
83570,POMPEU,MG,86.4,61.2,86.7,57.6,62.4,29.4,82.6,60.4,36.1,30.3,20.4,8.8,6.7,8.3,12.2,5.0,1.4,1.3,0.0,2.0,4.1,1.7,1.4,3.9,10.2,5.0,19.7,19.1,14.9,34.1,55.1,64.2,70.4,71.2,103.3,90.2
83967,PORTO ALEGRE,RS,33.5,38.9,48.4,38.0,36.3,36.5,34.2,36.8,32.3,34.0,41.5,38.8,30.3,39.4,43.0,43.6,47.4,39.4,57.1,52.4,54.0,43.4,30.1,46.7,37.8,65.2,44.7,49.5,54.6,49.1,38.3,40.0,27.2,33.7,32.0,46.4
82184,PORTO DE MOZ,PA,68.8,76.8,73.8,84.5,111.3,87.5,96.5,103.6,133.8,129.4,137.7,125.9,122.3,97.8,103.9,86.3,87.7,69.9,58.2,51.4,40.5,30.2,24.0,24.7,21.9,15.7,17.1,11.5,20.4,15.1,17.6,17.1,24.6,26.4,26.9,62.5
82996,PORTO DE PEDRAS,AL,NaN,NaN,NaN,28.8,34.6,27.4,46.4,45.7,68.9,46.6,60.4,80.3,93.0,63.2,91.3,87.5,111.7,88.5,78.9,73.0,76.9,63.1,44.3,43.2,40.4,31.0,9.9,10.3,16.4,17.7,14.5,11.9,8.8,NaN,NaN,NaN
83064,PORTO NACIONAL,TO,78.0,67.7,104.1,88.0,91.3,68.4,72.4,76.0,100.2,71.0,53.7,42.8,25.6,13.7,10.1,2.6,0.4,0.9,0.0,0.0,0.0,1.1,0.5,2.0,8.9,4.7,20.9,30.4,24.8,53.7,60.4,54.9,62.7,81.7,81.7,82.7
83332,POSSE,GO,65.4,59.9,74.4,74.9,63.9,53.3,66.9,77.5,82.3,57.2,49.4,14.6,15.2,4.8,8.4,1.0,0.4,0.5,0.0,0.1,0.2,0.2,2.0,2.5,1.7,2.1,9.3,20.3,23.8,55.6,64.1,67.1,89.6,77.2,67.5,92.4
83358,POXOREU,MT,92.2,88.2,93.7,66.2,104.7,82.9,69.8,83.3,90.1,44.3,63.1,19.1,11.2,13.3,19.7,6.4,3.0,4.3,1.5,0.5,1.8,0.9,3.6,8.1,10.8,14.6,29.0,36.0,48.8,87.9,61.9,74.2,84.2,93.6,88.1,99.3
83097,PROPRIA,SE,6.7,15.6,30.6,8.0,13.7,10.6,15.5,15.4,26.9,23.9,35.2,43.8,59.1,51.4,56.0,54.7,49.7,48.8,47.1,51.4,41.7,31.5,27.4,23.9,19.1,24.2,11.2,12.3,16.0,9.8,7.8,5.8,6.2,4.0,10.4,6.4
82586,QUIXERAMOBIM,CE,24.5,27.7,34.0,18.1,44.6,23.1,42.7,38.9,57.0,44.7,57.5,57.8,40.8,31.6,28.5,20.4,17.1,15.5,14.4,NaN,10.6,5.5,3.2,4.6,0.3,1.4,0.0,1.0,0.4,1.1,2.8,1.0,1.5,1.6,7.0,9.2
82900,RECIFE,PE,34.5,28.9,43.2,32.7,57.0,37.2,49.1,68.4,79.7,68.8,99.6,100.5,112.2,81.5,123.4,118.9,154.8,116.7,109.0,103.8,101.9,66.5,63.0,57.2,43.3,39.0,11.0,14.5,18.6,19.4,13.8,14.2,11.6,14.3,29.8,17.6
82979,REMANSO,BA,32.7,40.0,49.1,39.2,32.3,31.1,34.5,44.3,42.9,35.4,14.4,10.5,2.8,1.7,1.6,1.0,0.7,0.4,0.3,0.1,0.4,0.2,0.1,0.0,0.1,0.0,2.5,1.8,5.7,11.2,26.1,24.6,28.8,20.3,34.3,18.1
83738,RESENDE,RJ,110.3,93.4,99.5,80.2,85.2,56.2,76.7,79.0,65.6,39.0,22.6,27.9,15.2,18.1,14.8,11.1,8.3,6.5,5.9,11.8,11.7,9.4,7.0,8.8,20.7,13.3,29.9,37.5,30.4,49.7,66.4,84.2,66.7,79.3,76.5,97.4
82915,RIO BRANCO,AC,93.8,98.1,94.2,104.3,112.8,81.8,97.6,89.8,98.3,75.9,61.8,66.7,37.0,28.4,33.2,20.7,10.2,14.0,11.5,5.5,11.3,15.1,16.5,25.3,27.4,32.2,34.0,43.7,44.2,56.2,61.4,76.8,70.6,84.4,86.7,89.6
83995,RIO GRANDE,RS,34.8,28.4,39.0,46.5,44.0,38.2,43.5,36.4,40.2,38.0,49.3,38.5,37.4,39.0,35.6,28.1,51.2,40.8,42.5,38.9,40.5,33.4,33.8,47.5,37.9,46.9,26.0,36.2,39.6,30.4,34.2,33.5,26.2,27.2,27.1,35.4
83470,RIO VERDE,GO,NaN,NaN,NaN,NaN,NaN,69.4,92.0,91.4,102.1,48.8,32.7,13.1,4.8,14.7,16.3,8.4,6.4,2.2,1.1,1.7,4.1,0.8,1.9,4.8,9.0,7.6,24.0,34.6,41.0,50.2,80.3,76.2,91.1,83.9,83.8,NaN
83441,SALINAS,MG,24.7,42.9,44.6,44.1,28.9,19.7,47.2,42.4,31.2,20.3,15.9,7.0,6.6,6.0,3.7,1.9,1.2,0.8,2.0,1.6,1.1,1.0,0.5,1.2,2.4,1.7,8.1,11.3,14.5,36.3,55.7,56.8,64.3,70.0,56.0,49.8
83229,SALVADOR,BA,24.5,28.2,24.2,30.1,34.3,34.4,29.6,45.2,72.5,74.0,81.5,129.4,95.2,100.4,106.6,80.5,83.2,73.9,65.4,72.6,55.6,44.2,47.5,38.1,35.5,31.1,32.8,24.3,30.5,36.2,37.7,27.3,43.2,21.4,26.5,15.5
83789,SANTA CRUZ,RJ,NaN,NaN,62.7,41.9,46.1,25.5,NaN,NaN,NaN,55.1,23.1,34.0,23.9,32.2,21.2,29.5,14.5,17.4,14.3,21.0,18.4,12.9,7.4,17.0,22.5,15.8,31.2,NaN,NaN,34.3,38.2,49.4,37.4,37.6,46.8,NaN
83936,SANTA MARIA,RS,52.2,64.6,53.8,48.5,41.6,41.6,56.9,43.0,42.2,48.2,56.7,46.3,27.3,48.1,59.0,44.3,39.6,48.7,49.2,41.7,56.4,40.6,35.3,38.5,38.0,67.7,49.6,65.8,73.5,63.9,51.5,42.8,41.7,38.2,51.9,71.4
83696,SANTA MARIA MADALENA,RJ,79.4,74.1,68.4,35.7,41.0,45.9,NaN,NaN,56.0,39.0,26.4,26.1,14.5,23.9,21.7,17.3,10.1,15.0,13.8,16.7,11.0,10.7,19.1,12.7,22.1,20.2,34.9,27.7,32.9,37.1,63.5,80.5,70.1,79.4,85.7,82.6
83997,SANTA VITORIA DO PALMAR,RS,32.5,22.8,26.1,52.3,31.9,43.7,34.7,38.8,43.0,41.4,50.4,31.5,39.9,33.3,43.6,33.2,38.1,43.1,33.0,35.0,43.5,32.1,36.6,37.4,35.8,33.2,27.8,34.6,38.4,27.8,23.8,26.7,17.5,21.5,30.0,37.5
83805,SANTO ANTONIO DE PADUA,RJ,73.1,58.1,59.9,37.1,35.5,37.1,38.5,40.4,42.2,27.6,14.3,17.1,12.7,17.2,10.6,10.2,4.2,5.3,NaN,NaN,NaN,8.4,6.2,8.0,15.3,17.5,22.9,16.0,36.6,39.6,54.0,73.5,67.3,77.3,87.9,86.1
83726,SAO CARLOS,SP,102.6,93.0,90.8,74.9,78.6,68.7,50.6,61.7,59.2,35.8,23.4,22.8,13.7,20.1,26.8,19.4,6.6,10.2,8.1,8.9,11.1,7.2,7.5,9.8,20.6,22.7,23.5,36.4,39.1,44.6,51.9,55.8,49.8,69.6,83.2,73.4
82106,SAO GABRIEL DA CACHOEIRA,AM,98.1,88.4,94.3,95.1,72.6,83.5,98.3,95.7,89.7,93.2,97.4,109.6,124.8,119.5,110.7,97.0,86.5,95.3,90.6,74.2,85.4,58.3,77.7,62.7,63.4,49.0,58.8,57.0,58.3,67.1,72.7,78.6,75.2,63.9,95.4,98.0
82879,SAO JOAO DO PIAUI,PI,41.3,34.5,46.7,47.6,52.2,29.2,32.0,40.5,46.5,35.5,20.4,12.9,8.4,7.8,6.8,1.0,0.4,0.2,0.1,0.7,0.1,0.0,0.0,0.0,0.0,0.1,1.2,3.7,6.5,12.2,21.0,22.4,28.7,24.6,31.7,27.5
83920,SAO JOAQUIM,SC,52.8,59.4,73.2,73.1,50.9,56.7,45.2,33.4,47.3,31.6,30.0,49.3,34.1,47.8,53.0,35.6,48.7,53.1,59.9,51.8,54.9,57.7,34.0,45.6,44.5,64.4,72.4,61.4,73.7,65.0,50.4,49.3,47.1,40.1,47.4,64.0
83736,SAO LOURENCO,MG,121.6,104.1,95.4,79.7,68.2,39.0,61.9,53.1,48.5,33.0,23.5,15.6,17.2,19.5,20.8,13.4,6.7,7.5,6.2,9.9,8.2,7.8,5.1,7.6,22.5,18.1,33.3,38.2,36.2,45.2,52.4,60.3,61.6,79.2,96.6,78.9
82280,SAO LUIS,MA,56.0,78.4,101.0,93.1,142.4,72.4,125.6,158.3,169.0,146.4,153.6,131.4,131.4,98.5,82.0,69.5,56.6,48.3,54.7,35.1,20.9,15.2,3.0,4.3,1.2,1.3,0.5,0.3,1.2,1.2,3.3,3.7,2.7,6.1,17.8,30.7
83907,SAO LUIZ GONZAGA,RS,53.6,60.3,56.8,57.1,61.3,40.0,56.9,41.3,55.7,59.7,59.1,75.5,35.8,57.3,75.5,45.9,45.5,41.4,44.4,34.6,45.0,33.4,33.8,37.4,36.6,61.3,48.7,83.4,87.3,93.7,72.4,49.3,47.2,52.4,64.4,82.2
83550,SAO MATEUS,ES,35.4,47.4,41.3,37.5,30.9,20.9,55.5,47.7,43.8,48.6,39.2,25.5,22.2,25.1,24.6,14.3,22.8,26.4,20.0,35.3,19.3,16.4,24.5,20.7,21.6,19.9,25.4,30.5,23.1,65.3,71.6,74.4,84.4,60.0,66.2,50.4
83781,SAO PAULO,SP,90.8,90.7,110.6,99.4,88.2,70.1,91.1,75.8,58.1,36.3,27.2,23.6,19.0,17.3,30.0,28.7,13.2,17.8,14.5,18.1,15.8,9.5,7.3,15.5,30.6,22.9,29.8,42.4,39.3,45.4,38.1,45.8,60.0,66.2,80.6,84.5
83669,SAO SIMAO,SP,107.4,98.2,75.9,58.1,81.1,59.2,53.3,48.6,43.8,24.4,18.7,13.2,12.1,19.1,23.9,15.0,6.7,6.3,2.4,5.6,7.2,4.7,6.7,8.1,20.3,16.1,24.7,36.1,36.5,42.0,42.3,61.1,68.6,75.3,71.1,81.8
82690,SERIDO ,RN,NaN,NaN,NaN,NaN,44.8,34.3,26.8,43.8,69.0,51.0,55.3,54.0,33.5,19.4,19.7,7.6,8.3,6.9,5.3,6.6,2.3,3.7,0.9,1.0,0.9,0.1,0.0,0.2,0.2,5.6,2.9,1.4,2.0,3.6,6.2,9.8
83190,SERRINHA,BA,14.7,37.7,29.0,17.2,20.6,18.3,24.6,24.6,21.6,15.7,20.4,27.2,21.8,23.3,26.6,29.1,34.1,27.0,23.3,25.3,20.8,18.7,19.1,15.3,15.3,10.2,13.4,7.9,13.9,11.9,14.5,17.6,25.3,22.8,17.4,15.7
83586,SETE LAGOAS,MG,101.8,83.9,82.9,61.6,42.7,43.2,72.4,61.8,34.4,26.4,16.0,15.0,5.9,6.8,12.3,3.4,0.9,2.3,0.7,1.8,4.1,3.6,1.2,3.8,8.1,11.3,22.3,15.9,23.5,43.5,NaN,NaN,NaN,93.8,113.3,115.8
82392,SOBRAL,CE,28.8,34.2,60.8,40.7,69.8,51.3,56.4,58.7,107.9,76.6,66.7,63.0,43.3,25.0,24.8,13.9,8.6,7.7,6.6,8.6,2.3,2.0,1.1,0.7,0.3,0.0,0.0,0.0,0.0,2.0,2.5,1.4,1.6,2.2,9.9,11.1
82141,SOURE,PA,103.6,150.2,144.7,173.1,190.0,132.3,161.3,214.0,244.5,211.0,163.7,134.6,130.1,84.0,82.4,79.6,61.3,38.9,43.6,45.1,34.5,42.5,21.2,13.9,6.2,5.3,1.5,4.0,2.1,7.9,3.4,10.7,13.6,18.1,41.0,56.2
83076,SANTA RITA DE CASSIA,BA,44.4,56.2,70.9,46.7,47.7,38.2,48.9,44.4,59.2,29.2,23.0,19.3,14.1,3.7,3.8,0.9,0.2,0.0,0.0,0.0,0.0,0.0,0.7,1.2,0.8,0.3,5.3,6.7,25.6,29.4,45.4,48.5,72.6,54.5,71.0,48.3
82797,SURUBIM,PE,7.2,15.5,15.2,10.8,20.2,10.5,17.5,21.2,23.8,16.0,27.4,24.6,26.6,23.6,26.3,31.0,37.4,31.1,26.8,28.3,27.4,17.3,14.9,14.3,9.9,10.8,2.4,2.9,3.2,2.5,1.4,6.2,2.6,2.3,6.1,10.8
83235,TAGUATINGA,TO,81.7,75.1,107.3,86.0,69.3,60.1,75.4,93.1,101.8,68.6,62.0,29.4,17.1,9.1,9.1,1.7,0.1,0.0,0.0,0.1,0.2,0.1,1.1,0.2,6.9,1.1,9.2,23.0,30.9,61.9,71.7,78.2,96.1,73.6,81.1,82.8
82807,TARAUACA,AC,101.8,90.9,123.8,96.9,94.1,78.5,116.2,92.7,130.0,82.3,61.3,59.2,54.9,48.8,31.6,31.6,22.1,20.6,21.2,12.3,14.1,13.1,25.3,29.2,33.0,38.5,49.5,54.1,60.9,66.6,68.2,89.3,96.0,96.5,80.3,117.4
82683,TAUA,CE,28.2,30.6,43.2,19.2,41.0,34.2,34.1,35.3,61.2,26.6,41.8,29.5,24.7,12.6,11.1,8.3,7.6,3.3,NaN,NaN,NaN,1.8,0.4,1.3,0.1,0.7,0.5,0.6,2.6,4.0,1.9,5.2,4.2,7.4,8.3,8.6
82317,TEFE,AM,90.5,96.4,97.0,104.3,77.2,76.7,90.9,96.4,116.1,97.2,104.4,111.6,96.3,89.4,87.5,53.9,55.8,47.3,44.5,40.0,29.3,17.2,34.8,42.1,38.4,35.3,40.6,44.4,49.6,60.6,54.2,73.2,56.8,55.5,77.1,85.1
83492,TEOFILO OTONI,MG,41.3,48.1,40.4,55.4,23.6,25.7,50.2,44.3,35.8,26.3,22.8,NaN,NaN,NaN,10.8,8.7,5.2,6.9,7.9,11.6,6.8,4.4,8.6,7.3,6.6,9.3,14.8,12.0,9.7,41.4,58.9,61.9,75.3,83.9,82.6,56.7
82578,TERESINA,PI,53.0,74.0,79.5,74.2,100.7,58.8,74.6,92.7,125.6,102.6,85.9,73.1,53.4,32.4,27.1,10.5,3.2,6.5,6.4,2.8,3.5,4.3,1.2,1.7,5.1,1.2,4.2,7.8,4.8,9.8,18.4,9.0,18.8,34.0,19.5,40.1
83744,TERESOPOLIS,RJ,111.6,88.1,85.4,67.8,63.5,47.8,67.6,74.4,72.7,53.4,30.6,22.3,18.4,32.2,18.4,16.8,8.9,11.5,12.8,12.1,10.4,11.9,6.7,13.9,23.3,13.5,36.3,38.8,30.4,37.2,64.7,85.4,81.4,77.6,85.1,114.7
83948,TORRES,RS,50.0,58.8,59.7,59.5,67.8,41.4,48.7,48.6,55.3,35.0,29.7,43.3,34.2,45.8,41.1,33.6,34.2,35.2,38.3,41.7,40.4,45.1,30.1,50.6,32.3,56.6,49.3,48.9,48.7,46.8,39.7,37.1,36.5,29.2,37.0,50.8
82145,TRACUATEUA,PA,62.4,92.5,113.5,128.8,162.9,93.6,126.1,155.9,167.5,145.2,142.1,122.3,134.3,109.1,98.4,79.5,66.8,63.0,69.5,65.4,57.0,39.7,22.9,13.6,9.6,5.5,1.6,3.3,4.1,3.0,1.1,4.1,7.1,7.7,24.0,24.4
82361,TUCURUI,PA,93.7,133.2,136.8,149.6,140.0,111.3,143.5,150.1,146.6,133.0,139.3,130.7,104.7,72.5,74.4,31.6,22.7,21.2,17.9,NaN,13.1,9.3,6.5,17.6,14.8,11.6,10.0,19.5,22.4,22.9,31.5,33.6,51.3,53.1,68.3,90.1
82198,TURIACU,MA,54.9,67.1,99.6,81.5,133.7,81.6,123.7,150.5,181.8,156.6,135.6,128.6,123.5,99.3,83.6,75.0,72.8,58.0,67.2,48.2,39.6,24.1,14.1,7.3,3.5,4.3,3.6,2.2,1.1,5.1,3.0,4.8,3.4,5.5,15.1,15.8
83577,UBERABA,MG,116.6,91.6,120.0,91.6,70.0,66.6,72.0,82.2,87.1,45.1,30.8,19.0,15.6,14.5,19.5,11.7,4.5,5.1,0.9,4.3,4.3,3.4,3.2,7.9,14.5,16.6,22.0,37.0,40.4,53.5,56.5,71.0,75.9,94.8,93.3,94.2
83428,UNAI,MG,64.7,58.5,81.0,71.8,60.0,46.4,78.0,66.0,60.7,44.6,24.1,18.7,3.8,10.9,5.2,2.9,2.0,1.4,0.0,0.3,0.3,0.1,3.1,4.6,3.3,5.6,16.8,24.0,28.6,41.1,77.2,80.3,90.0,77.4,81.9,81.7
83927,URUGUAIANA,RS,40.2,36.3,53.1,52.2,52.2,43.7,56.1,54.3,43.8,53.7,63.4,41.0,42.3,38.4,39.1,31.2,26.7,26.5,23.3,23.3,20.4,18.9,22.9,19.1,24.4,37.1,25.9,54.8,61.1,55.6,47.3,40.6,33.6,29.6,51.1,75.0
82870,TERESINA,PI,43.0,49.5,56.9,54.6,67.8,29.7,43.7,58.8,60.7,55.9,24.4,24.9,19.1,6.8,8.5,1.6,0.0,0.2,0.2,0.0,0.0,0.0,0.4,0.7,3.7,0.2,4.3,11.9,15.4,21.8,18.4,27.5,45.4,32.9,41.6,36.9
83642,VICOSA,MG,99.3,62.3,74.3,41.1,44.8,33.1,64.4,46.5,52.1,27.6,16.6,13.8,11.0,11.5,11.7,8.1,3.3,4.2,1.1,2.9,3.7,2.2,3.7,4.5,11.5,13.6,24.5,30.0,29.0,40.2,69.2,72.5,63.1,79.1,105.0,81.8
83648,VITORIA,ES,58.7,38.5,34.0,29.9,27.8,21.6,52.7,47.7,39.1,48.2,38.9,35.8,21.8,37.9,32.7,25.8,24.2,20.0,26.9,23.5,17.0,16.5,23.0,20.4,18.0,20.7,24.5,22.4,24.2,77.3,79.1,77.0,77.6,59.4,78.5,63.1
83344,VITORIA DA CONQUISTA,BA,30.1,31.0,35.2,24.5,31.6,20.4,31.3,29.9,39.1,21.0,18.2,14.6,8.8,8.8,7.3,9.5,6.6,9.2,8.1,9.4,10.5,6.1,6.5,6.3,5.1,4.4,9.8,5.6,16.0,21.1,30.8,47.3,49.6,51.3,34.8,31.3
83623,VOTUPORANGA,SP,90.7,89.0,107.2,77.5,65.9,52.0,61.6,48.4,39.2,27.8,25.3,13.6,11.9,15.7,25.7,13.5,7.3,7.7,3.9,5.9,5.7,6.0,3.9,8.1,17.6,19.1,24.2,24.7,25.4,45.4,42.3,44.1,57.1,61.1,55.9,72.1
82376,ZE DOCA,MA,75.1,90.0,90.1,99.4,134.4,88.0,104.1,110.0,134.4,116.9,119.9,105.4,81.7,58.8,62.1,29.7,34.1,21.8,16.3,13.2,10.8,3.5,8.2,4.5,6.0,5.7,5.2,3.8,6.3,12.9,14.5,19.1,17.9,24.1,37.6,44.7